{
    "step06_rl_eval": {
        "n_episodes": 500,
        "mean_pnl": {
            "Unhedged": -246.05542130762169,
            "BS_Delta": -286.03527445044557,
            "RL_Agent": -273.26136416811005
        },
        "std_pnl": {
            "Unhedged": 369.7025735441055,
            "BS_Delta": 46.49454916242032,
            "RL_Agent": 45.94140609800793
        },
        "min_pnl": {
            "Unhedged": -2010.173828125,
            "BS_Delta": -395.09232644762045,
            "RL_Agent": -435.0700707563379
        },
        "max_pnl": {
            "Unhedged": -1.5008306622277954e-67,
            "BS_Delta": -207.68449400144254,
            "RL_Agent": -196.0231423133188
        },
        "risk_reduction_pct": 0.875734145809166
    }
}