{
    "04_baseline_benchmark": {
        "mean_pnl": 151754.69119994272,
        "std_pnl": 25470.795007893645,
        "sharpe_proxy": 5.957988005216665,
        "win_rate": 1.0
    },
    "06_final_evaluation": {
        "count": 500,
        "mean_pnl": {
            "Unhedged": -285.32871822441376,
            "BS_Delta": -264.14952411001815,
            "RL_Agent": -285.32871822441376
        },
        "std_pnl": {
            "Unhedged": 408.16690444475284,
            "BS_Delta": 192.22374667713757,
            "RL_Agent": 408.16690444475284
        },
        "risk_reduction_ratio": 0.0,
        "raw_stats": {
            "Unhedged": {
                "count": 500.0,
                "mean": -285.32871822441376,
                "std": 408.16690444475284,
                "min": -2165.4794921875,
                "25%": -452.11097750361796,
                "50%": -58.82805407744536,
                "75%": -0.000837832385517101,
                "max": -2.671358779283538e-66
            },
            "BS_Delta": {
                "count": 500.0,
                "mean": -264.14952411001815,
                "std": 192.22374667713757,
                "min": -1034.629818845313,
                "25%": -387.6088669526207,
                "50%": -218.34094690235588,
                "75%": -106.51969280557773,
                "max": -44.982251693898434
            },
            "RL_Agent": {
                "count": 500.0,
                "mean": -285.32871822441376,
                "std": 408.16690444475284,
                "min": -2165.4794921875,
                "25%": -452.11097750361796,
                "50%": -58.82805407744536,
                "75%": -0.000837832385517101,
                "max": -2.671358779283538e-66
            }
        }
    }
}